workload,variant,structure,n,time_ms,steps,moves,comparisons
W1,-,DynamicArray,100,0.208214,10000,0,0
W1,-,MyLinkedList,100,0.790339,501508,0,0
W2,-,DynamicArray,100,0.308182,75572,0,75572
W2,-,MyLinkedList,100,0.324344,75072,0,75572
W3,head,DynamicArray,100,1.932293,1200500,1200500,0
W3,head,MyLinkedList,100,0.072020,0,3000,0
W3,middle,DynamicArray,100,0.240337,1100500,1100500,0
W3,middle,MyLinkedList,100,0.287503,98000,3000,0
W4,-,MinHeap,100,0.101185,3287,1117,1035
W1,-,DynamicArray,1000,0.057426,10000,0,0
W1,-,MyLinkedList,1000,5.460522,5005208,0,0
W2,-,DynamicArray,1000,0.228902,752172,0,752172
W2,-,MyLinkedList,1000,1.234214,751672,0,752172
W3,head,DynamicArray,1000,0.528106,3000000,3000000,0
W3,head,MyLinkedList,1000,0.039593,0,3000,0
W3,middle,DynamicArray,1000,0.364736,2000000,2000000,0
W3,middle,MyLinkedList,1000,1.172500,998000,3000,0
W4,-,MinHeap,1000,0.239007,53645,18193,17226
W1,-,DynamicArray,10000,0.036927,10000,0,0
W1,-,MyLinkedList,10000,58.443856,50129208,0,0
W2,-,DynamicArray,10000,1.938785,7399384,0,7399384
W2,-,MyLinkedList,10000,12.213818,7398884,0,7399384
W3,head,DynamicArray,10000,3.406147,21009000,21009000,0
W3,head,MyLinkedList,10000,0.057347,0,3000,0
W3,middle,DynamicArray,10000,1.848640,11009000,11009000,0
W3,middle,MyLinkedList,10000,11.724798,9998000,3000,0
W4,-,MinHeap,10000,0.763161,737753,249095,239329
W1,-,DynamicArray,100000,0.050273,10000,0,0
W1,-,MyLinkedList,100000,624.944821,502489208,0,0
W2,-,DynamicArray,100000,18.744358,73728608,0,73728608
W2,-,MyLinkedList,100000,120.881053,73728108,0,73728608
W3,head,DynamicArray,100000,35.321663,201099000,201099000,0
W3,head,MyLinkedList,100000,0.040943,0,3000,0
W3,middle,DynamicArray,100000,17.719519,101099000,101099000,0
W3,middle,MyLinkedList,100000,116.282562,99998000,3000,0
W4,-,MinHeap,100000,9.694027,9374609,3156359,3059125
